Date,Delhi,Mumbai,Chennai,Kolkata
21/01/2022,86.67,94.14,91.43,89.79
20/01/2022,86.67,94.14,91.43,89.79
19/01/2022,86.67,94.14,91.43,89.79
18/01/2022,86.67,94.14,91.43,89.79
17/01/2022,86.67,94.14,91.43,89.79
16/01/2022,86.67,94.14,91.43,89.79
15/01/2022,86.67,94.14,91.43,89.79
14/01/2022,86.67,94.14,91.43,89.79
13/01/2022,86.67,94.14,91.43,89.79
12/01/2022,86.67,94.14,91.43,89.79
11/01/2022,86.67,94.14,91.43,89.79
10/01/2022,86.67,94.14,91.43,89.79
09/01/2022,86.67,94.14,91.43,89.79
08/01/2022,86.67,94.14,91.43,89.79
07/01/2022,86.67,94.14,91.43,89.79
06/01/2022,86.67,94.14,91.43,89.79
05/01/2022,86.67,94.14,91.43,89.79
04/01/2022,86.67,94.14,91.43,89.79
03/01/2022,86.67,94.14,91.43,89.79
02/01/2022,86.67,94.14,91.43,89.79
01/01/2022,86.67,94.14,91.43,89.79
31/12/2021,86.67,94.14,91.43,89.79
30/12/2021,86.67,94.14,91.43,89.79
29/12/2021,86.67,94.14,91.43,89.79
28/12/2021,86.67,94.14,91.43,89.79
27/12/2021,86.67,94.14,91.43,89.79
26/12/2021,86.67,94.14,91.43,89.79
25/12/2021,86.67,94.14,91.43,89.79
24/12/2021,86.67,94.14,91.43,89.79
23/12/2021,86.67,94.14,91.43,89.79
22/12/2021,86.67,94.14,91.43,89.79
21/12/2021,86.67,94.14,91.43,89.79
20/12/2021,86.67,94.14,91.43,89.79
19/12/2021,86.67,94.14,91.43,89.79
18/12/2021,86.67,94.14,91.43,89.79
17/12/2021,86.67,94.14,91.43,89.79
16/12/2021,86.67,94.14,91.43,89.79
15/12/2021,86.67,94.14,91.43,89.79
14/12/2021,86.67,94.14,91.43,89.79
13/12/2021,86.67,94.14,91.43,89.79
12/12/2021,86.67,94.14,91.43,89.79
11/12/2021,86.67,94.14,91.43,89.79
10/12/2021,86.67,94.14,91.43,89.79
09/12/2021,86.67,94.14,91.43,89.79
08/12/2021,86.67,94.14,91.43,89.79
07/12/2021,86.67,94.14,91.43,89.79
06/12/2021,86.67,94.14,91.43,89.79
05/12/2021,86.67,94.14,91.43,89.79
04/12/2021,86.67,94.14,91.43,89.79
03/12/2021,86.67,94.14,91.43,89.79
02/12/2021,86.67,94.14,91.43,89.79
01/12/2021,86.67,94.14,91.43,89.79
30/11/2021,86.67,94.14,91.43,89.79
29/11/2021,86.67,94.14,91.43,89.79
28/11/2021,86.67,94.14,91.43,89.79
27/11/2021,86.67,94.14,91.43,89.79
26/11/2021,86.67,94.14,91.43,89.79
25/11/2021,86.67,94.14,91.43,89.79
24/11/2021,86.67,94.14,91.43,89.79
23/11/2021,86.67,94.14,91.43,89.79
22/11/2021,86.67,94.14,91.43,89.79
21/11/2021,86.67,94.14,91.43,89.79
20/11/2021,86.67,94.14,91.43,89.79
19/11/2021,86.67,94.14,91.43,89.79
18/11/2021,86.67,94.14,91.43,89.79
17/11/2021,86.67,94.14,91.43,89.79
16/11/2021,86.67,94.14,91.43,89.79
15/11/2021,86.67,94.14,91.43,89.79
14/11/2021,86.67,94.14,91.43,89.79
13/11/2021,86.67,94.14,91.43,89.79
12/11/2021,86.67,94.14,91.43,89.79
11/11/2021,86.67,94.14,91.43,89.79
10/11/2021,86.67,94.14,91.43,89.79
09/11/2021,86.67,94.14,91.43,89.79
08/11/2021,86.67,94.14,91.43,89.79
07/11/2021,86.67,94.14,91.43,89.79
06/11/2021,86.67,94.14,91.43,89.79
05/11/2021,86.67,94.14,91.43,89.79
04/11/2021,86.67,94.14,91.43,89.79
03/11/2021,98.42,106.62,102.59,101.56
02/11/2021,98.42,106.62,102.59,101.56
01/11/2021,98.42,106.62,102.59,101.56
31/10/2021,98.07,106.23,102.25,101.19
30/10/2021,97.72,105.86,101.92,100.84
29/10/2021,97.37,105.49,101.59,100.49
28/10/2021,97.02,105.12,101.25,100.14
27/10/2021,96.67,104.75,100.92,99.78
26/10/2021,96.32,104.38,100.59,99.43
25/10/2021,96.32,104.38,100.59,99.43
24/10/2021,96.32,104.38,100.59,99.43
23/10/2021,95.97,104,100.25,99.08
22/10/2021,95.62,103.63,99.92,98.73
21/10/2021,95.27,103.26,99.59,98.38
20/10/2021,94.92,102.89,99.26,98.03
19/10/2021,94.57,102.52,98.92,97.68
18/10/2021,94.57,102.52,98.92,97.68
17/10/2021,94.57,102.52,98.92,97.68
16/10/2021,94.22,102.15,98.59,97.33
15/10/2021,93.87,101.78,98.26,96.98
14/10/2021,93.52,101.4,97.93,96.63
13/10/2021,93.17,101.03,97.59,96.28
12/10/2021,93.17,101.03,97.59,96.28
11/10/2021,93.17,101.03,97.59,96.28
10/10/2021,92.82,100.66,97.26,95.93
09/10/2021,92.47,100.29,96.93,95.58
08/10/2021,92.12,99.92,96.6,95.23
07/10/2021,91.77,99.55,96.26,94.88
06/10/2021,91.42,99.17,95.93,94.53
05/10/2021,91.07,98.8,95.59,94.17
04/10/2021,90.77,98.48,95.31,93.87
03/10/2021,90.77,98.48,95.31,93.87
02/10/2021,90.47,98.16,95.02,93.57
01/10/2021,90.17,97.84,94.74,93.27
30/09/2021,89.87,97.52,94.45,92.97
29/09/2021,89.57,97.21,94.17,92.67
28/09/2021,89.57,97.21,94.17,92.67
27/09/2021,89.32,96.94,93.93,92.42
26/09/2021,89.07,96.68,93.69,92.17
25/09/2021,88.82,96.41,93.46,91.92
24/09/2021,88.82,96.41,93.46,91.92
23/09/2021,88.62,96.19,93.26,91.71
22/09/2021,88.62,96.19,93.26,91.71
21/09/2021,88.62,96.19,93.26,91.71
20/09/2021,88.62,96.19,93.26,91.71
19/09/2021,88.62,96.19,93.26,91.71
18/09/2021,88.62,96.19,93.26,91.71
17/09/2021,88.62,96.19,93.26,91.71
16/09/2021,88.62,96.19,93.26,91.71
15/09/2021,88.62,96.19,93.26,91.71
14/09/2021,88.62,96.19,93.26,91.71
13/09/2021,88.62,96.19,93.26,91.71
12/09/2021,88.62,96.19,93.26,91.71
11/09/2021,88.62,96.19,93.26,91.71
10/09/2021,88.62,96.19,93.26,91.71
09/09/2021,88.62,96.19,93.26,91.71
08/09/2021,88.62,96.19,93.26,91.71
07/09/2021,88.62,96.19,93.26,91.71
06/09/2021,88.62,96.19,93.26,91.71
05/09/2021,88.62,96.19,93.26,91.71
04/09/2021,88.77,96.33,93.38,91.84
03/09/2021,88.77,96.33,93.38,91.84
02/09/2021,88.77,96.33,93.38,91.84
01/09/2021,88.77,96.33,93.38,91.84
31/08/2021,88.92,96.48,93.52,91.98
30/08/2021,88.92,96.48,93.52,91.98
29/08/2021,88.92,96.48,93.52,91.98
28/08/2021,88.92,96.48,93.52,91.98
27/08/2021,88.92,96.48,93.52,91.98
26/08/2021,88.92,96.48,93.52,91.98
25/08/2021,88.92,96.48,93.52,91.98
24/08/2021,88.92,96.48,93.52,91.98
23/08/2021,89.07,96.64,93.66,92.13
22/08/2021,89.07,96.64,93.66,92.13
21/08/2021,89.27,96.84,93.84,92.32
20/08/2021,89.27,96.84,93.84,92.32
19/08/2021,89.47,97.04,94.02,92.57
18/08/2021,89.67,97.24,94.2,92.82
17/08/2021,89.87,97.45,94.39,93.02
16/08/2021,89.87,97.45,94.39,93.02
15/08/2021,89.87,97.45,94.39,93.02
14/08/2021,89.87,97.45,94.39,93.02
13/08/2021,89.87,97.45,94.39,93.02
12/08/2021,89.87,97.45,94.39,93.02
11/08/2021,89.87,97.45,94.39,93.02
10/08/2021,89.87,97.45,94.39,93.02
09/08/2021,89.87,97.45,94.39,93.02
08/08/2021,89.87,97.45,94.39,93.02
07/08/2021,89.87,97.45,94.39,93.02
06/08/2021,89.87,97.45,94.39,93.02
05/08/2021,89.87,97.45,94.39,93.02
04/08/2021,89.87,97.45,94.39,93.02
03/08/2021,89.87,97.45,94.39,93.02
02/08/2021,89.87,97.45,94.39,93.02
01/08/2021,89.87,97.45,94.39,93.02
31/07/2021,89.87,97.45,94.39,93.02
30/07/2021,89.87,97.45,94.39,93.02
29/07/2021,89.87,97.45,94.39,93.02
28/07/2021,89.87,97.45,94.39,93.02
27/07/2021,89.87,97.45,94.39,93.02
26/07/2021,89.87,97.45,94.39,93.02
25/07/2021,89.87,97.45,94.39,93.02
24/07/2021,89.87,97.45,94.39,93.02
23/07/2021,89.87,97.45,94.39,93.02
22/07/2021,89.87,97.45,94.39,93.02
21/07/2021,89.87,97.45,94.39,93.02
20/07/2021,89.87,97.45,94.39,93.02
19/07/2021,89.87,97.45,94.39,93.02
18/07/2021,89.87,97.45,94.39,93.02
17/07/2021,89.87,97.45,94.39,93.02
16/07/2021,89.87,97.45,94.39,93.02
15/07/2021,89.87,97.45,94.39,93.02
14/07/2021,89.72,97.29,94.24,92.81
13/07/2021,89.72,97.29,94.24,92.81
12/07/2021,89.72,97.29,94.24,92.81
11/07/2021,89.88,97.46,94.39,92.97
10/07/2021,89.88,97.46,94.39,92.97
09/07/2021,89.62,97.18,94.15,92.65
08/07/2021,89.62,97.18,94.15,92.65
07/07/2021,89.53,97.09,94.06,92.5
06/07/2021,89.36,96.91,93.91,92.27
05/07/2021,89.36,96.91,93.91,92.27
04/07/2021,89.36,96.91,93.91,92.27
03/07/2021,89.18,96.72,93.72,92.03
02/07/2021,89.18,96.72,93.72,92.03
01/07/2021,89.18,96.72,93.72,92.03
30/06/2021,89.18,96.72,93.72,92.03
29/06/2021,89.18,96.72,93.72,92.03
28/06/2021,88.9,96.42,93.46,91.75
27/06/2021,88.9,96.42,93.46,91.75
26/06/2021,88.65,96.16,93.23,91.5
25/06/2021,88.3,95.79,92.89,91.15
24/06/2021,88.3,95.79,92.89,91.15
23/06/2021,88.23,95.72,92.83,91.08
22/06/2021,88.23,95.72,92.83,91.08
21/06/2021,87.97,95.44,92.58,90.82
20/06/2021,87.97,95.44,92.58,90.82
19/06/2021,87.69,95.14,92.31,90.54
18/06/2021,87.69,95.14,92.31,90.54
17/06/2021,87.41,94.84,92.04,90.25
16/06/2021,87.41,94.84,92.04,90.25
15/06/2021,87.28,94.7,91.92,90.12
14/06/2021,87.28,94.7,91.92,90.12
13/06/2021,86.98,94.39,91.64,89.83
12/06/2021,86.98,94.39,91.64,89.83
11/06/2021,86.75,94.15,91.42,89.6
10/06/2021,86.47,93.85,91.15,89.32
09/06/2021,86.47,93.85,91.15,89.32
08/06/2021,86.22,93.58,90.92,89.07
07/06/2021,86.22,93.58,90.92,89.07
06/06/2021,85.95,93.3,90.66,88.8
05/06/2021,85.66,92.99,90.38,88.51
04/06/2021,85.66,92.99,90.38,88.51
03/06/2021,85.38,92.69,90.12,88.23
02/06/2021,85.38,92.69,90.12,88.23
01/06/2021,85.38,92.69,90.12,88.23
31/05/2021,85.15,92.45,89.9,88
30/05/2021,84.89,92.17,89.65,87.74
29/05/2021,84.89,92.17,89.65,87.74
28/05/2021,84.61,91.87,89.39,87.46
27/05/2021,84.61,91.87,89.39,87.46
26/05/2021,84.32,91.57,89.11,87.16
25/05/2021,84.32,91.57,89.11,87.16
24/05/2021,84.07,91.3,88.87,86.91
23/05/2021,84.07,91.3,88.87,86.91
22/05/2021,83.8,91.01,88.62,86.64
21/05/2021,83.8,91.01,88.62,86.64
20/05/2021,83.51,90.71,88.34,86.35
19/05/2021,83.51,90.71,88.34,86.35
18/05/2021,83.51,90.71,88.34,86.35
17/05/2021,83.22,90.4,88.07,86.06
16/05/2021,83.22,90.4,88.07,86.06
15/05/2021,82.95,90.11,87.81,85.79
14/05/2021,82.95,90.11,87.81,85.79
13/05/2021,82.61,89.75,87.49,85.45
12/05/2021,82.61,89.75,87.49,85.45
11/05/2021,82.36,89.48,87.25,85.2
10/05/2021,82.06,89.17,86.96,84.9
09/05/2021,81.73,88.82,86.65,84.57
08/05/2021,81.73,88.82,86.65,84.57
07/05/2021,81.73,88.82,86.65,84.57
06/05/2021,81.42,88.49,86.35,84.26
05/05/2021,81.12,88.19,86.09,83.98
04/05/2021,80.91,87.98,85.9,83.78
03/05/2021,80.73,87.81,85.75,83.61
02/05/2021,80.73,87.81,85.75,83.61
01/05/2021,80.73,87.81,85.75,83.61
30/04/2021,80.73,87.81,85.75,83.61
29/04/2021,80.73,87.81,85.75,83.61
28/04/2021,80.73,87.81,85.75,83.61
27/04/2021,80.73,87.81,85.75,83.61
26/04/2021,80.73,87.81,85.75,83.61
25/04/2021,80.73,87.81,85.75,83.61
24/04/2021,80.73,87.81,85.75,83.61
23/04/2021,80.73,87.81,85.75,83.61
22/04/2021,80.73,87.81,85.75,83.61
21/04/2021,80.73,87.81,85.75,83.61
20/04/2021,80.73,87.81,85.75,83.61
19/04/2021,80.73,87.81,85.75,83.61
18/04/2021,80.73,87.81,85.75,83.61
17/04/2021,80.73,87.81,85.75,83.61
16/04/2021,80.73,87.81,85.75,83.61
15/04/2021,80.73,87.81,85.75,83.61
14/04/2021,80.87,87.96,85.88,83.75
13/04/2021,80.87,87.96,85.88,83.75
12/04/2021,80.87,87.96,85.88,83.75
11/04/2021,80.87,87.96,85.88,83.75
10/04/2021,80.87,87.96,85.88,83.75
09/04/2021,80.87,87.96,85.88,83.75
08/04/2021,80.87,87.96,85.88,83.75
07/04/2021,80.87,87.96,85.88,83.75
06/04/2021,80.87,87.96,85.88,83.75
05/04/2021,80.87,87.96,85.88,83.75
04/04/2021,80.87,87.96,85.88,83.75
03/04/2021,80.87,87.96,85.88,83.75
02/04/2021,80.87,87.96,85.88,83.75
01/04/2021,80.87,87.96,85.88,83.75
31/03/2021,80.87,87.96,85.88,83.75
30/03/2021,80.87,87.96,85.88,83.75
29/03/2021,81.1,88.2,86.1,83.98
28/03/2021,81.1,88.2,86.1,83.98
27/03/2021,81.1,88.2,86.1,83.98
26/03/2021,81.1,88.2,86.1,83.98
25/03/2021,81.1,88.2,86.1,83.98
24/03/2021,81.3,88.42,86.29,84.18
23/03/2021,81.47,88.6,86.45,84.35
22/03/2021,81.47,88.6,86.45,84.35
21/03/2021,81.47,88.6,86.45,84.35
20/03/2021,81.47,88.6,86.45,84.35
19/03/2021,81.47,88.6,86.45,84.35
18/03/2021,81.47,88.6,86.45,84.35
17/03/2021,81.47,88.6,86.45,84.35
16/03/2021,81.47,88.6,86.45,84.35
15/03/2021,81.47,88.6,86.45,84.35
14/03/2021,81.47,88.6,86.45,84.35
13/03/2021,81.47,88.6,86.45,84.35
12/03/2021,81.47,88.6,86.45,84.35
11/03/2021,81.47,88.6,86.45,84.35
10/03/2021,81.47,88.6,86.45,84.35
09/03/2021,81.47,88.6,86.45,84.35
08/03/2021,81.47,88.6,86.45,84.35
07/03/2021,81.47,88.6,86.45,84.35
06/03/2021,81.47,88.6,86.45,84.35
05/03/2021,81.47,88.6,86.45,84.35
04/03/2021,81.47,88.6,86.45,84.35
03/03/2021,81.47,88.6,86.45,84.35
02/03/2021,81.47,88.6,86.45,84.35
01/03/2021,81.47,88.6,86.45,84.35
28/02/2021,81.47,88.6,86.45,84.35
27/02/2021,81.47,88.6,86.45,84.35
26/02/2021,81.32,88.44,86.31,84.2
25/02/2021,81.32,88.44,86.31,84.2
24/02/2021,81.32,88.44,86.31,84.2
23/02/2021,81.32,88.44,86.31,84.2
22/02/2021,80.97,88.06,85.98,84.56
21/02/2021,80.97,88.06,85.98,84.56
20/02/2021,80.97,88.06,85.98,84.56
19/02/2021,80.6,87.67,85.63,84.19
18/02/2021,80.27,87.32,85.31,83.86
17/02/2021,79.95,86.98,85.01,83.54
16/02/2021,79.7,86.72,84.77,83.29
15/02/2021,79.35,86.34,84.44,82.94
14/02/2021,79.06,86.04,84.16,82.65
13/02/2021,78.74,85.7,83.86,82.33
12/02/2021,78.38,85.32,83.52,81.96
11/02/2021,78.03,84.94,83.18,81.61
10/02/2021,77.73,84.63,82.9,81.31
09/02/2021,77.48,84.36,82.66,81.06
08/02/2021,77.13,83.99,82.33,80.71
07/02/2021,77.13,83.99,82.33,80.71
06/02/2021,77.13,83.99,82.33,80.71
05/02/2021,77.13,83.99,82.33,80.71
04/02/2021,76.83,83.67,82.04,80.41
03/02/2021,76.48,83.3,81.71,80.08
02/02/2021,76.48,83.3,81.71,80.08
01/02/2021,76.48,83.3,81.71,80.08
31/01/2021,76.48,83.3,81.71,80.08
30/01/2021,76.48,83.3,81.71,80.08
29/01/2021,76.48,83.3,81.71,80.08
28/01/2021,76.48,83.3,81.71,80.08
27/01/2021,76.48,83.3,81.71,80.08
26/01/2021,76.23,83.03,81.47,79.83
25/01/2021,75.88,82.66,81.14,79.48
24/01/2021,75.88,82.66,81.14,79.48
23/01/2021,75.88,82.66,81.14,79.48
22/01/2021,75.63,82.4,80.9,79.23
21/01/2021,75.38,82.13,80.67,78.97
20/01/2021,75.38,82.13,80.67,78.97
19/01/2021,75.38,82.13,80.67,78.97
18/01/2021,75.13,81.87,80.43,78.72
17/01/2021,74.88,81.6,80.19,78.47
16/01/2021,74.88,81.6,80.19,78.47
15/01/2021,74.88,81.6,80.19,78.47
14/01/2021,74.88,81.6,80.19,78.47
13/01/2021,74.63,81.34,79.95,78.22
12/01/2021,74.38,81.07,79.72,77.97
11/01/2021,74.38,81.07,79.72,77.97
10/01/2021,74.38,81.07,79.72,77.97
09/01/2021,74.38,81.07,79.72,77.97
08/01/2021,74.38,81.07,79.72,77.97
07/01/2021,74.38,81.07,79.72,77.97
06/01/2021,74.12,80.78,79.46,77.7
05/01/2021,73.87,80.51,79.21,77.44
04/01/2021,73.87,80.51,79.21,77.44
03/01/2021,73.87,80.51,79.21,77.44
02/01/2021,73.87,80.51,79.21,77.44
01/01/2021,73.87,80.51,79.21,77.44
31/12/2020,73.87,80.51,79.21,77.44
30/12/2020,73.87,80.51,79.21,77.44
29/12/2020,73.87,80.51,79.21,77.44
28/12/2020,73.87,80.51,79.21,77.44
27/12/2020,73.87,80.51,79.21,77.44
26/12/2020,73.87,80.51,79.21,77.44
25/12/2020,73.87,80.51,79.21,77.44
24/12/2020,73.87,80.51,79.21,77.44
23/12/2020,73.87,80.51,79.21,77.44
22/12/2020,73.87,80.51,79.21,77.44
21/12/2020,73.87,80.51,79.21,77.44
20/12/2020,73.87,80.51,79.21,77.44
19/12/2020,73.87,80.51,79.21,77.44
18/12/2020,73.87,80.51,79.21,77.44
17/12/2020,73.87,80.51,79.21,77.44
16/12/2020,73.87,80.51,79.21,77.44
15/12/2020,73.87,80.51,79.21,77.44
14/12/2020,73.87,80.51,79.21,77.44
13/12/2020,73.87,80.51,79.21,77.44
12/12/2020,73.87,80.51,79.21,77.44
11/12/2020,73.87,80.51,79.21,77.44
10/12/2020,73.87,80.51,79.21,77.44
09/12/2020,73.87,80.51,79.21,77.44
08/12/2020,73.87,80.51,79.21,77.44
07/12/2020,73.87,80.51,79.21,77.44
06/12/2020,73.61,80.23,78.97,77.18
05/12/2020,73.32,79.93,78.69,76.89
04/12/2020,73.07,79.66,78.45,76.64
03/12/2020,72.84,79.42,78.24,76.41
02/12/2020,72.65,79.22,78.06,76.22
01/12/2020,72.42,78.97,77.84,75.99
30/11/2020,72.42,78.97,77.84,75.99
29/11/2020,72.42,78.97,77.84,75.99
28/11/2020,72.13,78.66,77.56,75.7
27/11/2020,71.86,78.38,77.3,75.43
26/11/2020,71.62,78.12,77.08,75.19
25/11/2020,71.41,77.9,76.88,74.98
24/11/2020,71.41,77.9,76.88,74.98
23/11/2020,71.25,77.73,76.72,74.82
22/11/2020,71.07,77.54,76.55,74.64
21/11/2020,70.88,77.34,76.37,74.45
20/11/2020,70.68,77.11,76.17,74.24
19/11/2020,70.46,76.86,75.95,73.99
18/11/2020,70.46,76.86,75.95,73.99
17/11/2020,70.46,76.86,75.95,73.99
16/11/2020,70.46,76.86,75.95,73.99
15/11/2020,70.46,76.86,75.95,73.99
14/11/2020,70.46,76.86,75.95,73.99
13/11/2020,70.46,76.86,75.95,73.99
12/11/2020,70.46,76.86,75.95,73.99
11/11/2020,70.46,76.86,75.95,73.99
10/11/2020,70.46,76.86,75.95,73.99
09/11/2020,70.46,76.86,75.95,73.99
08/11/2020,70.46,76.86,75.95,73.99
07/11/2020,70.46,76.86,75.95,73.99
06/11/2020,70.46,76.86,75.95,73.99
05/11/2020,70.46,76.86,75.95,73.99
04/11/2020,70.46,76.86,75.95,73.99
03/11/2020,70.46,76.86,75.95,73.99
02/11/2020,70.46,76.86,75.95,73.99
01/11/2020,70.46,76.86,75.95,73.99
31/10/2020,70.46,76.86,75.95,73.99
30/10/2020,70.46,76.86,75.95,73.99
29/10/2020,70.46,76.86,75.95,73.99
28/10/2020,70.46,76.86,75.95,73.99
27/10/2020,70.46,76.86,75.95,73.99
26/10/2020,70.46,76.86,75.95,73.99
25/10/2020,70.46,76.86,75.95,73.99
24/10/2020,70.46,76.86,75.95,73.99
23/10/2020,70.46,76.86,75.95,73.99
22/10/2020,70.46,76.86,75.95,73.99
21/10/2020,70.46,76.86,75.95,73.99
20/10/2020,70.46,76.86,75.95,73.99
19/10/2020,70.46,76.86,75.95,73.99
18/10/2020,70.46,76.86,75.95,73.99
17/10/2020,70.46,76.86,75.95,73.99
16/10/2020,70.46,76.86,75.95,73.99
15/10/2020,70.46,76.86,75.95,73.99
14/10/2020,70.46,76.86,75.95,73.99
13/10/2020,70.46,76.86,75.95,73.99
12/10/2020,70.46,76.86,75.95,73.99
11/10/2020,70.46,76.86,75.95,73.99
10/10/2020,70.46,76.86,75.95,73.99
09/10/2020,70.46,76.86,75.95,73.99
08/10/2020,70.46,76.86,75.95,73.99
07/10/2020,70.46,76.86,75.95,73.99
06/10/2020,70.46,76.86,75.95,73.99
05/10/2020,70.46,76.86,75.95,73.99
04/10/2020,70.46,76.86,75.95,73.99
03/10/2020,70.46,76.86,75.95,73.99
02/10/2020,70.46,76.86,75.95,73.99
01/10/2020,70.53,76.93,76.01,74.05
30/09/2020,70.63,77.04,76.1,74.15
29/09/2020,70.63,77.04,76.1,74.15
28/09/2020,70.71,77.12,76.18,74.23
27/09/2020,70.8,77.22,76.27,74.32
26/09/2020,70.94,77.36,76.4,74.46
25/09/2020,71.1,77.53,76.55,74.62
24/09/2020,71.28,77.73,76.72,74.8
23/09/2020,71.28,77.73,76.72,74.8
22/09/2020,71.28,77.73,76.72,74.8
21/09/2020,71.43,77.87,76.85,74.94
20/09/2020,71.58,78.02,76.99,75.09
19/09/2020,71.82,78.27,77.21,75.32
18/09/2020,72.02,78.48,77.4,75.52
17/09/2020,72.37,78.85,77.73,75.87
16/09/2020,72.56,79.05,77.91,76.06
15/09/2020,72.56,79.05,77.91,76.06
14/09/2020,72.78,79.29,78.12,76.28
13/09/2020,72.93,79.45,78.26,76.43
12/09/2020,72.93,79.45,78.26,76.43
11/09/2020,73.05,79.57,78.38,76.55
10/09/2020,73.05,79.57,78.38,76.55
09/09/2020,73.16,79.69,78.48,76.66
08/09/2020,73.16,79.69,78.48,76.66
07/09/2020,73.16,79.69,78.48,76.66
06/09/2020,73.27,79.81,78.58,76.77
05/09/2020,73.27,79.81,78.58,76.77
04/09/2020,73.4,79.94,78.71,76.9
03/09/2020,73.4,79.94,78.71,76.9
02/09/2020,73.56,80.11,78.86,77.06
01/09/2020,73.56,80.11,78.86,77.06
31/08/2020,73.56,80.11,78.86,77.06
30/08/2020,73.56,80.11,78.86,77.06
29/08/2020,73.56,80.11,78.86,77.06
28/08/2020,73.56,80.11,78.86,77.06
27/08/2020,73.56,80.11,78.86,77.06
26/08/2020,73.56,80.11,78.86,77.06
25/08/2020,73.56,80.11,78.86,77.06
24/08/2020,73.56,80.11,78.86,77.06
23/08/2020,73.56,80.11,78.86,77.06
22/08/2020,73.56,80.11,78.86,77.06
21/08/2020,73.56,80.11,78.86,77.06
20/08/2020,73.56,80.11,78.86,77.06
19/08/2020,73.56,80.11,78.86,77.06
18/08/2020,73.56,80.11,78.86,77.06
17/08/2020,73.56,80.11,78.86,77.06
16/08/2020,73.56,80.11,78.86,77.06
15/08/2020,73.56,80.11,78.86,77.06
14/08/2020,73.56,80.11,78.86,77.06
13/08/2020,73.56,80.11,78.86,77.06
12/08/2020,73.56,80.11,78.86,77.06
11/08/2020,73.56,80.11,78.86,77.06
10/08/2020,73.56,80.11,78.86,77.06
09/08/2020,73.56,80.11,78.86,77.06
08/08/2020,73.56,80.11,78.86,77.06
07/08/2020,73.56,80.11,78.86,77.06
06/08/2020,73.56,80.11,78.86,77.06
05/08/2020,73.56,80.11,78.86,77.06
04/08/2020,73.56,80.11,78.86,77.06
03/08/2020,73.56,80.11,78.86,77.06
02/08/2020,73.56,80.11,78.86,77.06
01/08/2020,73.56,80.11,78.86,77.06
31/07/2020,73.56,80.11,78.86,77.04
30/07/2020,81.94,80.11,78.86,77.04
29/07/2020,81.94,80.11,78.86,77.04
28/07/2020,81.94,80.11,78.86,77.04
27/07/2020,81.94,80.11,78.86,77.04
26/07/2020,81.94,80.11,78.86,77.04
25/07/2020,81.79,79.97,78.73,76.91
24/07/2020,81.64,79.83,78.6,76.77
23/07/2020,81.64,79.83,78.6,76.77
22/07/2020,81.64,79.83,78.6,76.77
21/07/2020,81.64,79.83,78.6,76.77
20/07/2020,81.64,79.83,78.6,76.77
19/07/2020,81.52,79.71,78.5,76.67
18/07/2020,81.52,79.71,78.5,76.67
17/07/2020,81.35,79.56,78.37,76.49
16/07/2020,81.18,79.4,78.22,76.33
15/07/2020,81.18,79.4,78.22,76.33
14/07/2020,81.05,79.27,78.11,76.17
13/07/2020,81.05,79.27,78.11,76.17
12/07/2020,80.94,79.17,78.01,76.05
11/07/2020,80.78,79.05,77.91,75.89
10/07/2020,80.78,79.05,77.91,75.89
09/07/2020,80.78,79.05,77.91,75.89
08/07/2020,80.78,79.05,77.91,75.89
07/07/2020,80.78,79.05,77.91,75.89
06/07/2020,80.53,78.83,77.72,75.64
05/07/2020,80.53,78.83,77.72,75.64
04/07/2020,80.53,78.83,77.72,75.64
03/07/2020,80.53,78.83,77.72,75.64
02/07/2020,80.53,78.83,77.72,75.64
01/07/2020,80.53,78.83,77.72,75.64
30/06/2020,80.53,78.83,77.72,75.64
29/06/2020,80.53,78.83,77.72,75.64
28/06/2020,80.4,78.71,77.61,75.52
27/06/2020,80.4,78.71,77.61,75.52
26/06/2020,80.19,78.51,77.44,75.34
25/06/2020,80.02,78.34,77.29,75.18
24/06/2020,79.88,78.22,77.17,75.06
23/06/2020,79.4,77.76,76.77,74.63
22/06/2020,78.85,77.24,76.3,74.14
21/06/2020,78.27,76.69,75.8,73.61
20/06/2020,77.67,76.11,75.29,73.07
19/06/2020,77.06,75.53,74.77,72.53
18/06/2020,76.43,74.93,74.23,71.96
17/06/2020,75.79,74.32,73.69,71.38
16/06/2020,75.19,73.75,73.17,70.84
15/06/2020,74.62,73.21,72.69,70.33
14/06/2020,74.03,72.64,72.18,69.8
13/06/2020,73.39,72.03,71.64,69.23
12/06/2020,72.81,71.48,71.14,68.7
11/06/2020,72.22,70.92,70.64,68.17
10/06/2020,71.62,70.35,70.13,67.63
09/06/2020,71.17,69.92,69.74,67.23
08/06/2020,70.59,69.37,69.25,66.71
07/06/2020,69.99,68.79,68.74,66.17
06/06/2020,69.39,68.21,68.22,65.62
05/06/2020,69.39,68.21,68.22,65.62
04/06/2020,69.39,68.21,68.22,65.62
03/06/2020,69.39,68.21,68.22,65.62
02/06/2020,69.39,68.21,68.22,65.62
01/06/2020,69.39,68.21,68.22,65.62
31/05/2020,69.39,66.21,68.22,65.62
30/05/2020,69.39,66.21,68.22,65.62
29/05/2020,69.39,66.21,68.22,65.62
28/05/2020,69.39,66.21,68.22,65.62
27/05/2020,69.39,66.21,68.22,65.62
26/05/2020,69.39,66.21,68.22,65.62
25/05/2020,69.39,66.21,68.22,65.62
24/05/2020,69.39,66.21,68.22,65.62
23/05/2020,69.39,66.21,68.22,65.62
22/05/2020,69.39,66.21,68.22,65.62
21/05/2020,69.39,66.21,68.22,65.62
20/05/2020,69.39,66.21,68.22,65.62
19/05/2020,69.39,66.21,68.22,65.62
18/05/2020,69.39,66.21,68.22,65.62
17/05/2020,69.39,66.21,68.22,65.62
16/05/2020,69.39,66.21,68.22,65.62
15/05/2020,69.39,66.21,68.22,65.62
14/05/2020,69.39,66.21,68.22,65.62
13/05/2020,69.39,66.21,68.22,65.62
12/05/2020,69.39,66.21,68.22,65.62
11/05/2020,69.39,66.21,68.22,65.62
10/05/2020,69.39,66.21,68.22,65.62
09/05/2020,69.39,66.21,68.22,65.62
08/05/2020,69.39,66.21,68.22,65.62
07/05/2020,69.39,66.21,68.22,65.62
06/05/2020,69.39,66.21,68.22,65.62
05/05/2020,69.39,66.21,68.22,65.62
04/05/2020,62.29,66.21,68.22,65.62
03/05/2020,62.29,66.21,65.71,65.62
02/05/2020,62.29,66.21,65.71,65.62
01/05/2020,62.29,66.21,65.71,65.62
30/04/2020,62.29,66.21,65.71,65.62
29/04/2020,62.29,66.21,65.71,65.62
28/04/2020,62.29,66.21,65.71,65.62
27/04/2020,62.29,66.21,65.71,65.62
26/04/2020,62.29,66.21,65.71,65.62
25/04/2020,62.29,66.21,65.71,65.62
24/04/2020,62.29,66.21,65.71,65.62
23/04/2020,62.29,66.21,65.71,65.62
22/04/2020,62.29,66.21,65.71,65.62
21/04/2020,62.29,66.21,65.71,65.62
20/04/2020,62.29,66.21,65.71,65.62
19/04/2020,62.29,66.21,65.71,65.62
18/04/2020,62.29,66.21,65.71,65.62
17/04/2020,62.29,66.21,65.71,65.62
16/04/2020,62.29,66.21,65.71,65.62
15/04/2020,62.29,66.21,65.71,65.62
14/04/2020,62.29,66.21,65.71,65.62
13/04/2020,62.29,66.21,65.71,65.62
12/04/2020,62.29,66.21,65.71,65.62
11/04/2020,62.29,66.21,65.71,65.62
10/04/2020,62.29,66.21,65.71,65.62
09/04/2020,62.29,66.21,65.71,65.62
08/04/2020,62.29,66.21,65.71,65.62
07/04/2020,62.29,66.21,65.71,65.62
06/04/2020,62.29,66.21,65.71,65.62
05/04/2020,62.29,66.21,65.71,65.62
04/04/2020,62.29,66.21,65.71,65.62
03/04/2020,62.29,66.21,65.71,65.62
02/04/2020,62.29,66.21,65.71,65.62
01/04/2020,62.29,66.21,65.71,65.62
31/03/2020,62.29,65.21,65.71,64.62
30/03/2020,62.29,65.21,65.71,64.62
29/03/2020,62.29,65.21,65.71,64.62
28/03/2020,62.29,65.21,65.71,64.62
27/03/2020,62.29,65.21,65.71,64.62
26/03/2020,62.29,65.21,65.71,64.62
25/03/2020,62.29,65.21,65.71,64.62
24/03/2020,62.29,65.21,65.71,64.62
23/03/2020,62.29,65.21,65.71,64.62
22/03/2020,62.29,65.21,65.71,64.62
21/03/2020,62.29,65.21,65.71,64.62
20/03/2020,62.29,65.21,65.71,64.62
19/03/2020,62.29,65.21,65.71,64.62
18/03/2020,62.29,65.21,65.71,64.62
17/03/2020,62.29,65.21,65.71,64.62
16/03/2020,62.29,65.21,65.71,64.62
15/03/2020,62.44,65.37,65.87,64.77
14/03/2020,62.58,65.51,66.02,64.91
13/03/2020,62.74,65.68,66.19,65.07
12/03/2020,62.89,65.84,66.35,65.22
11/03/2020,63.01,65.97,66.48,65.34
10/03/2020,63.01,65.97,66.48,65.34
09/03/2020,63.26,66.24,66.75,65.59
08/03/2020,63.51,66.5,67.01,65.84
07/03/2020,63.69,66.69,67.21,66.02
06/03/2020,63.81,66.82,67.34,66.14
05/03/2020,63.94,66.96,67.47,66.27
04/03/2020,64.03,67.05,67.57,66.36
03/03/2020,64.03,67.05,67.57,66.36
02/03/2020,64.1,67.13,67.65,66.43
01/03/2020,64.3,67.34,67.86,66.63
29/02/2020,64.51,67.6,68.12,66.83
28/02/2020,64.6,67.69,68.21,66.92
27/02/2020,64.65,67.75,68.27,66.97
26/02/2020,64.7,67.8,68.32,67.02
25/02/2020,64.7,67.8,68.32,67.02
24/02/2020,64.7,67.8,68.32,67.02
23/02/2020,64.7,67.8,68.32,67.02
22/02/2020,64.65,67.75,68.27,66.97
21/02/2020,64.65,67.75,68.27,66.97
20/02/2020,64.65,67.75,68.27,66.97
19/02/2020,64.65,67.75,68.27,66.97
18/02/2020,64.65,67.75,68.27,66.97
17/02/2020,64.7,67.8,68.32,67.02
16/02/2020,64.7,67.8,68.32,67.02
15/02/2020,64.77,67.87,68.4,67.09
14/02/2020,64.77,67.87,68.4,67.09
13/02/2020,64.82,67.93,68.45,67.14
12/02/2020,64.87,67.98,68.5,67.19
11/02/2020,64.87,67.98,68.5,67.19
10/02/2020,65.07,68.19,68.72,67.39
09/02/2020,65.23,68.36,68.89,67.59
08/02/2020,65.43,68.57,69.1,67.79
07/02/2020,65.68,68.84,69.37,68.04
06/02/2020,65.92,69.09,69.63,68.29
05/02/2020,66.04,69.22,69.76,68.41
04/02/2020,66.04,69.22,69.76,68.41
03/02/2020,66.09,69.27,69.81,68.46
02/02/2020,66.14,69.36,69.89,68.54
01/02/2020,66.22,69.42,69.96,68.59
31/01/2020,66.28,69.47,70.01,68.64
30/01/2020,66.36,69.56,70.09,68.72
29/01/2020,66.58,69.79,70.33,68.94
28/01/2020,66.58,69.79,70.33,68.94
27/01/2020,66.71,69.93,70.47,69.07
26/01/2020,66.96,70.19,70.73,69.32
25/01/2020,67.31,70.56,71.11,69.67
24/01/2020,67.61,70.88,71.43,69.97
23/01/2020,67.86,71.15,71.7,70.22
22/01/2020,68.05,71.35,71.9,70.41
21/01/2020,68.05,71.35,71.9,70.41
20/01/2020,68.26,71.57,72.13,70.62
19/01/2020,68.45,71.77,72.33,70.81
18/01/2020,68.61,71.94,72.5,70.97
17/01/2020,68.77,72.11,72.67,71.13
16/01/2020,68.92,72.27,72.83,71.29
15/01/2020,69.06,72.42,72.98,71.43
14/01/2020,69.06,72.42,72.98,71.43
13/01/2020,69.06,72.42,72.98,71.43
12/01/2020,69.11,72.47,73.04,71.48
11/01/2020,69.17,72.54,73.1,71.54
10/01/2020,69.05,72.41,72.97,71.42
09/01/2020,68.94,72.29,72.85,71.31
08/01/2020,68.79,72.14,72.69,71.15
07/01/2020,68.79,72.14,72.69,71.15
06/01/2020,68.68,72.02,72.58,71.04
05/01/2020,68.51,71.84,72.39,70.87
04/01/2020,68.4,71.72,72.28,70.76
03/01/2020,68.25,71.56,72.12,70.61
02/01/2020,68.1,71.43,71.98,70.49
01/01/2020,67.96,71.31,71.86,70.38
31/12/2019,67.96,71.31,71.86,70.38
30/12/2019,67.78,71.12,71.67,70.2
29/12/2019,67.6,70.93,71.48,70.02
28/12/2019,67.41,70.73,71.27,69.83
27/12/2019,67.24,70.55,71.09,69.66
26/12/2019,67.09,70.39,70.93,69.5
25/12/2019,66.99,70.28,70.82,69.4
24/12/2019,66.99,70.28,70.82,69.4
23/12/2019,66.94,70.23,70.77,69.35
22/12/2019,66.74,70.01,70.56,69.15
21/12/2019,66.54,69.8,70.34,68.95
20/12/2019,66.34,69.59,70.13,68.75
19/12/2019,66.19,69.43,69.97,68.6
18/12/2019,66.04,69.27,69.81,68.45
17/12/2019,66.04,69.27,69.81,68.45
16/12/2019,66.04,69.27,69.81,68.45
15/12/2019,66.04,69.27,69.81,68.45
14/12/2019,66.04,69.27,69.81,68.45
13/12/2019,66.04,69.27,69.81,68.45
12/12/2019,66.04,69.27,69.81,68.45
11/12/2019,66.04,69.27,69.81,68.45
10/12/2019,66.04,69.27,69.81,68.45
09/12/2019,66.04,69.27,69.81,68.45
08/12/2019,65.94,69.17,69.7,68.35
07/12/2019,65.84,69.06,69.59,68.25
06/12/2019,65.78,69,69.53,68.19
05/12/2019,65.78,69,69.53,68.19
04/12/2019,65.78,69,69.53,68.19
03/12/2019,65.78,69,69.53,68.19
02/12/2019,65.78,69,69.53,68.19
01/12/2019,65.78,69,69.53,68.19
30/11/2019,65.78,69,69.53,68.19
29/11/2019,65.78,69,69.53,68.19
28/11/2019,65.73,68.94,69.47,68.14
27/11/2019,65.73,68.94,69.47,68.14
26/11/2019,65.73,68.94,69.47,68.14
25/11/2019,65.73,68.94,69.47,68.14
24/11/2019,65.73,68.94,69.47,68.14
23/11/2019,65.79,69.01,69.54,68.2
22/11/2019,65.84,69.06,69.59,68.25
21/11/2019,65.84,69.06,69.59,68.25
20/11/2019,65.84,69.06,69.59,68.25
19/11/2019,65.84,69.06,69.59,68.25
18/11/2019,65.79,69.01,69.54,68.2
17/11/2019,65.79,69.01,69.54,68.2
16/11/2019,65.79,69.01,69.54,68.2
15/11/2019,65.79,69.01,69.54,68.2
14/11/2019,65.79,69.01,69.54,68.2
13/11/2019,65.79,69.01,69.54,68.2
12/11/2019,65.79,69.01,69.54,68.2
11/11/2019,65.85,69.07,69.6,68.26
10/11/2019,65.91,69.13,69.67,68.32
09/11/2019,65.91,69.13,69.67,68.32
08/11/2019,65.84,69.06,69.59,68.25
07/11/2019,65.75,68.96,69.5,68.16
06/11/2019,65.75,68.96,69.5,68.16
05/11/2019,65.75,68.96,69.5,68.16
04/11/2019,65.75,68.96,69.5,68.16
03/11/2019,65.8,68.99,69.52,68.19
02/11/2019,65.8,68.99,69.52,68.19
01/11/2019,65.8,68.99,69.52,68.19
31/10/2019,65.85,69.01,69.55,68.21
30/10/2019,65.85,69.01,69.55,68.21
29/10/2019,65.85,69.01,69.55,68.21
28/10/2019,65.95,69.12,69.65,68.31
27/10/2019,65.95,69.12,69.65,68.31
26/10/2019,65.95,69.12,69.65,68.31
25/10/2019,66,69.17,69.71,68.36
24/10/2019,66.06,69.24,69.77,68.42
23/10/2019,66.11,69.29,69.83,68.47
22/10/2019,66.11,69.29,69.83,68.47
21/10/2019,66.17,69.35,69.89,68.53
20/10/2019,66.17,69.35,69.89,68.53
19/10/2019,66.24,69.43,69.96,68.6
18/10/2019,66.31,69.5,70.04,68.67
17/10/2019,66.41,69.61,70.15,68.77
16/10/2019,66.41,69.61,70.15,68.77
15/10/2019,66.41,69.61,70.15,68.77
14/10/2019,66.46,69.66,70.2,68.82
13/10/2019,66.46,69.66,70.2,68.82
12/10/2019,66.46,69.66,70.2,68.82
11/10/2019,66.6,69.81,70.35,68.96
10/10/2019,66.75,69.97,70.51,69.11
09/10/2019,66.81,70.03,70.57,69.17
08/10/2019,66.81,70.03,70.57,69.17
07/10/2019,66.91,70.14,70.68,69.27
06/10/2019,67.03,70.27,70.81,69.39
05/10/2019,67.15,70.39,70.94,69.51
04/10/2019,67.35,70.61,71.15,69.71
03/10/2019,67.43,70.69,71.24,69.79
02/10/2019,67.49,70.76,71.3,69.85
01/10/2019,67.49,70.76,71.3,69.85
30/09/2019,67.33,70.64,71.19,69.75
29/09/2019,67.24,70.55,71.09,69.66
28/09/2019,67.24,70.55,71.09,69.66
27/09/2019,67.24,70.55,71.09,69.66
26/09/2019,67.14,70.44,70.98,69.56
25/09/2019,67.07,70.37,70.91,69.49
24/09/2019,67.07,70.37,70.91,69.49
23/09/2019,66.93,70.22,70.76,69.35
22/09/2019,66.74,70.01,70.56,69.15
21/09/2019,66.53,69.79,70.33,68.94
20/09/2019,66.29,69.54,70.07,68.7
19/09/2019,66.01,69.24,69.77,68.42
18/09/2019,65.82,69.04,69.57,68.23
17/09/2019,65.58,68.78,69.31,67.99
16/09/2019,65.43,68.62,69.15,67.84
15/09/2019,65.43,68.62,69.15,67.84
14/09/2019,65.37,68.56,69.09,67.78
13/09/2019,65.28,68.46,68.99,67.69
12/09/2019,65.19,68.37,68.9,67.6
11/09/2019,65.14,68.32,68.84,67.55
10/09/2019,65.14,68.32,68.84,67.55
09/09/2019,65.09,68.26,68.79,67.5
08/09/2019,65.09,68.26,68.79,67.5
07/09/2019,65.09,68.26,68.79,67.5
06/09/2019,65.14,68.31,68.84,67.54
05/09/2019,65.2,68.36,68.89,67.59
04/09/2019,65.25,68.41,68.94,67.63
03/09/2019,65.25,68.41,68.94,67.63
02/09/2019,65.25,68.41,68.94,67.63
01/09/2019,65.25,68.41,68.94,67.63
31/08/2019,65.25,68.41,68.94,67.63
30/08/2019,65.25,68.41,68.94,67.63
29/08/2019,65.3,68.46,68.99,67.68
28/08/2019,65.35,68.51,69.04,67.73
27/08/2019,65.35,68.51,69.04,67.73
26/08/2019,65.35,68.51,69.04,67.73
25/08/2019,65.26,68.42,68.95,67.64
24/08/2019,65.16,68.31,68.84,67.54
23/08/2019,65.11,68.26,68.79,67.49
22/08/2019,65.11,68.26,68.79,67.49
21/08/2019,65.11,68.26,68.79,67.49
20/08/2019,65.11,68.26,68.79,67.49
19/08/2019,65.18,68.33,68.86,67.56
18/08/2019,65.26,68.42,68.95,67.64
17/08/2019,65.38,68.55,69.08,67.76
16/08/2019,65.43,68.6,69.13,67.81
15/08/2019,65.43,68.6,69.13,67.81
14/08/2019,65.43,68.6,69.13,67.81
13/08/2019,65.43,68.6,69.13,67.81
12/08/2019,65.43,68.6,69.13,67.81
11/08/2019,65.49,68.66,69.19,67.87
10/08/2019,65.64,68.82,69.35,68.01
09/08/2019,65.75,68.94,69.47,68.08
08/08/2019,65.88,69.06,69.59,68.15
07/08/2019,65.94,69.11,69.64,68.17
06/08/2019,65.94,69.11,69.64,68.17
05/08/2019,65.94,69.11,69.64,68.17
04/08/2019,65.94,69.11,69.64,68.17
03/08/2019,66,69.17,69.71,68.19
02/08/2019,66,69.17,69.71,68.19
01/08/2019,66,69.17,69.71,68.19
31/07/2019,66,69.17,69.71,68.19
30/07/2019,66,69.17,69.71,68.19
29/07/2019,66.07,69.25,69.78,68.22
28/07/2019,66.18,69.36,69.9,68.29
27/07/2019,66.18,69.36,69.9,68.29
26/07/2019,66.18,69.36,69.9,68.29
25/07/2019,66.18,69.36,69.9,68.29
24/07/2019,66.24,69.43,69.96,68.31
23/07/2019,66.24,69.43,69.96,68.31
22/07/2019,66.24,69.43,69.96,68.31
21/07/2019,66.24,69.43,69.96,68.31
20/07/2019,66.24,69.43,69.96,68.31
19/07/2019,66.24,69.43,69.96,68.31
18/07/2019,66.24,69.43,69.96,68.31
17/07/2019,66.24,69.43,69.96,68.31
16/07/2019,66.24,69.43,69.96,68.31
15/07/2019,66.24,69.43,69.96,68.31
14/07/2019,66.24,69.43,69.96,68.31
13/07/2019,66.24,69.43,69.96,68.31
12/07/2019,66.24,69.43,69.96,68.31
11/07/2019,66.34,69.53,70.07,68.37
10/07/2019,66.49,69.69,70.23,68.48
09/07/2019,66.49,69.69,70.23,68.48
08/07/2019,66.59,69.8,70.34,68.54
07/07/2019,66.69,69.9,70.48,68.59
06/07/2019,66.69,69.9,70.48,68.59
05/07/2019,64.33,67.4,67.96,66.23
04/07/2019,64.33,67.4,67.96,66.23
03/07/2019,64.33,67.4,67.96,66.23
02/07/2019,64.33,67.4,67.96,66.23
01/07/2019,64.27,67.36,67.96,66.16
30/06/2019,64.19,67.3,67.9,66.11
29/06/2019,64.11,67.22,67.81,66.03
28/06/2019,64.01,67.11,67.7,65.93
27/06/2019,63.95,67.05,67.64,65.87
26/06/2019,63.9,66.99,67.59,65.82
25/06/2019,63.9,66.99,67.59,65.82
24/06/2019,63.9,66.99,67.59,65.82
23/06/2019,63.84,66.93,67.52,65.76
22/06/2019,63.78,66.87,67.46,65.7
21/06/2019,63.78,66.87,67.46,65.7
20/06/2019,63.78,66.87,67.46,65.7
19/06/2019,63.84,66.93,67.52,65.76
18/06/2019,63.84,66.93,67.52,65.76
17/06/2019,63.84,66.93,67.52,65.76
16/06/2019,63.84,66.93,67.52,65.76
15/06/2019,63.93,67.03,67.62,65.85
14/06/2019,64.17,67.28,67.88,66.09
13/06/2019,64.33,67.45,68.05,66.25
12/06/2019,64.39,67.51,68.11,66.31
11/06/2019,64.39,67.51,68.11,66.31
10/06/2019,64.39,67.51,68.11,66.31
09/06/2019,64.5,67.63,68.23,66.42
08/06/2019,64.65,67.79,68.39,66.57
07/06/2019,64.9,68.06,68.66,66.82
06/06/2019,65.22,68.39,69,67.14
05/06/2019,65.56,68.76,69.36,67.48
04/06/2019,65.56,68.76,69.36,67.48
03/06/2019,65.76,68.97,69.58,67.68
02/06/2019,66.16,69.37,69.98,68.06
01/06/2019,66.36,69.58,70.19,68.21
31/05/2019,66.51,69.69,70.31,68.27
30/05/2019,66.63,69.82,70.43,68.39
29/05/2019,66.69,69.88,70.5,68.45
28/05/2019,66.69,69.88,70.5,68.45
27/05/2019,66.64,69.83,70.45,68.4
26/05/2019,66.64,69.83,70.45,68.4
25/05/2019,66.57,69.75,70.37,68.33
24/05/2019,66.45,69.63,70.24,68.21
23/05/2019,66.29,69.46,70.07,68.05
22/05/2019,66.2,69.36,69.97,67.96
21/05/2019,66.2,69.36,69.97,67.96
20/05/2019,66.11,69.27,69.88,67.86
19/05/2019,65.96,69.11,69.72,67.71
18/05/2019,65.96,69.11,69.72,67.71
17/05/2019,65.96,69.11,69.72,67.71
16/05/2019,65.91,69.05,69.66,67.66
15/05/2019,65.86,69,69.61,67.61
14/05/2019,65.86,69,69.61,67.61
13/05/2019,65.98,69.13,69.74,67.73
12/05/2019,66.11,69.27,69.88,67.86
11/05/2019,66.28,69.45,70.06,68.04
10/05/2019,66.47,69.65,70.26,68.23
09/05/2019,66.56,69.74,70.36,68.32
08/05/2019,66.66,69.81,70.43,68.4
07/05/2019,66.66,69.81,70.43,68.4
06/05/2019,66.66,69.81,70.43,68.4
05/05/2019,66.66,69.81,70.43,68.4
04/05/2019,66.71,69.86,70.48,68.45
03/05/2019,66.66,69.77,70.39,68.39
02/05/2019,66.66,69.77,70.39,68.39
01/05/2019,66.71,69.83,70.44,68.45
30/04/2019,66.71,69.83,70.44,68.45
29/04/2019,66.66,69.77,70.39,68.4
28/04/2019,66.61,69.72,70.34,68.35
27/04/2019,66.61,69.72,70.34,68.35
26/04/2019,66.61,69.72,70.34,68.35
25/04/2019,66.54,69.65,70.26,68.28
24/04/2019,66.46,69.56,70.17,68.2
23/04/2019,66.46,69.56,70.17,68.2
22/04/2019,66.46,69.56,70.17,68.2
21/04/2019,66.46,69.56,70.17,68.2
20/04/2019,66.39,69.49,70.1,68.13
19/04/2019,66.31,69.4,70.01,68.05
18/04/2019,66.31,69.4,70.01,68.05
17/04/2019,66.31,69.4,70.01,68.05
16/04/2019,66.31,69.4,70.01,68.05
15/04/2019,66.26,69.35,69.96,68
14/04/2019,66.26,69.35,69.96,68
13/04/2019,66.19,69.27,69.89,67.93
12/04/2019,66.19,69.27,69.89,67.93
11/04/2019,66.11,69.19,69.8,67.85
10/04/2019,66.11,69.19,69.8,67.85
09/04/2019,66.11,69.19,69.8,67.85
08/04/2019,66.11,69.19,69.8,67.85
07/04/2019,66.11,69.19,69.8,67.85
06/04/2019,66.19,69.27,69.89,67.93
05/04/2019,66.14,69.22,69.83,67.88
04/04/2019,66.14,69.22,69.83,67.88
03/04/2019,66.09,69.17,69.78,67.83
02/04/2019,66.09,69.17,69.78,67.83
01/04/2019,66.09,69.17,69.78,67.83
31/03/2019,66.14,69.27,69.88,67.92
30/03/2019,66.22,69.36,69.97,68
29/03/2019,66.3,69.44,70.05,68.08
28/03/2019,66.39,69.54,70.15,68.18
27/03/2019,66.49,69.64,70.26,68.28
26/03/2019,66.49,69.64,70.26,68.28
25/03/2019,66.49,69.64,70.26,68.28
24/03/2019,66.6,69.76,70.37,68.39
23/03/2019,66.6,69.76,70.37,68.39
22/03/2019,66.65,69.81,70.43,68.44
21/03/2019,66.72,69.89,70.5,68.51
20/03/2019,66.8,69.97,70.59,68.59
19/03/2019,66.8,69.97,70.59,68.59
18/03/2019,66.91,70.09,70.71,68.7
17/03/2019,67.06,70.25,70.87,68.85
16/03/2019,67.15,70.34,70.96,68.94
15/03/2019,67.22,70.42,71.04,69.01
14/03/2019,67.32,70.52,71.15,69.11
13/03/2019,67.37,70.58,71.2,69.16
12/03/2019,67.37,70.58,71.2,69.16
11/03/2019,67.44,70.65,71.27,69.23
10/03/2019,67.54,70.76,71.38,69.33
09/03/2019,67.54,70.76,71.38,69.33
08/03/2019,67.54,70.76,71.38,69.33
07/03/2019,67.64,70.86,71.49,69.43
06/03/2019,67.64,70.86,71.49,69.43
05/03/2019,67.64,70.86,71.49,69.43
04/03/2019,67.54,70.76,71.38,69.33
03/03/2019,67.41,70.62,71.24,69.2
02/03/2019,67.27,70.47,71.09,69.06
01/03/2019,67.12,70.31,70.93,68.91
28/02/2019,67,70.18,70.8,68.79
27/02/2019,66.92,70.1,70.72,68.71
26/02/2019,66.92,70.1,70.72,68.71
25/02/2019,66.8,69.97,70.59,68.59
24/02/2019,66.64,69.8,70.42,68.43
23/02/2019,66.55,69.71,70.32,68.34
22/02/2019,66.48,69.63,70.25,68.27
21/02/2019,66.33,69.47,70.09,68.12
20/02/2019,66.17,69.3,69.91,67.95
19/02/2019,66.17,69.3,69.91,67.95
18/02/2019,66.11,69.23,69.84,67.89
17/02/2019,65.98,69.09,69.7,67.76
16/02/2019,65.86,68.97,69.57,67.64
15/02/2019,65.73,68.83,69.44,67.51
14/02/2019,65.67,68.76,69.37,67.45
13/02/2019,65.62,68.71,69.32,67.4
12/02/2019,65.62,68.71,69.32,67.4
11/02/2019,65.62,68.71,69.32,67.4
10/02/2019,65.56,68.65,69.25,67.34
09/02/2019,65.56,68.65,69.25,67.34
08/02/2019,65.56,68.65,69.25,67.34
07/02/2019,65.56,68.65,69.25,67.34
06/02/2019,65.51,68.59,69.2,67.29
05/02/2019,65.51,68.59,69.2,67.29
04/02/2019,65.61,68.7,69.31,67.39
03/02/2019,65.71,68.81,69.41,67.49
02/02/2019,65.71,68.81,69.41,67.49
01/02/2019,65.71,68.81,69.41,67.49
31/01/2019,65.81,68.91,69.52,67.59
30/01/2019,65.89,69,69.61,67.67
29/01/2019,65.89,69,69.61,67.67
28/01/2019,66,69.11,69.72,67.78
27/01/2019,66,69.11,69.72,67.78
26/01/2019,66,69.11,69.72,67.78
25/01/2019,66,69.11,69.72,67.78
24/01/2019,65.9,69.01,69.62,67.68
23/01/2019,65.9,69.01,69.62,67.68
22/01/2019,65.9,69.01,69.62,67.68
21/01/2019,65.71,68.81,69.41,67.49
20/01/2019,65.45,68.53,69.14,67.23
19/01/2019,65.16,68.22,68.83,66.93
18/01/2019,64.97,68.02,68.62,66.74
17/01/2019,64.78,67.82,68.42,66.55
16/01/2019,64.59,67.62,68.22,66.36
15/01/2019,64.47,67.49,68.09,66.24
14/01/2019,64.18,67.18,67.78,65.95
13/01/2019,63.69,66.66,67.25,65.46
12/01/2019,63.1,66.04,66.62,64.87
11/01/2019,62.81,65.73,66.31,64.58
10/01/2019,62.53,65.43,66.01,64.3
09/01/2019,62.24,65.12,65.7,64.01
08/01/2019,62.24,65.12,65.7,64.01
07/01/2019,62.24,65.12,65.7,64.01
06/01/2019,62.16,65.04,65.62,63.93
05/01/2019,62.26,65.14,65.72,64.03
04/01/2019,62.44,65.34,65.91,64.21
03/01/2019,62.66,65.56,66.14,64.42
02/01/2019,62.66,65.56,66.14,64.42
01/01/2019,62.66,65.56,66.14,64.42
31/12/2018,62.86,65.76,66.35,64.61
30/12/2018,63.09,66.01,66.59,64.84
29/12/2018,63.32,66.25,66.84,65.07
28/12/2018,63.62,66.57,67.16,65.37
27/12/2018,63.76,66.72,67.31,65.51
26/12/2018,63.83,66.79,67.38,65.59
25/12/2018,63.83,66.79,67.38,65.59
24/12/2018,63.83,66.79,67.38,65.59
23/12/2018,64.01,66.98,67.58,65.77
22/12/2018,64.19,67.17,67.77,65.95
21/12/2018,64.39,67.39,67.98,66.15
20/12/2018,64.54,67.55,68.14,66.3
19/12/2018,64.54,67.55,68.14,66.3
18/12/2018,64.54,67.55,68.14,66.3
17/12/2018,64.47,67.47,68.07,66.23
16/12/2018,64.38,67.38,67.97,66.14
15/12/2018,64.5,67.5,68.1,66.26
14/12/2018,64.57,67.58,68.18,66.33
13/12/2018,64.66,67.66,68.26,66.4
12/12/2018,64.66,67.66,68.26,67.4
11/12/2018,64.66,67.66,68.26,66.4
10/12/2018,64.82,67.81,68.41,66.55
09/12/2018,65.09,68.1,68.7,66.82
08/12/2018,65.3,68.32,68.93,67.03
07/12/2018,65.55,68.59,69.19,67.28
06/12/2018,65.96,69.02,69.63,67.69
05/12/2018,66.39,69.48,70.09,68.12
04/12/2018,66.39,69.48,70.09,68.12
03/12/2018,66.66,69.77,70.38,68.39
02/12/2018,67.02,70.15,70.77,68.75
01/12/2018,67.35,70.5,71.12,69.08
30/11/2018,67.72,70.89,71.52,69.57
29/11/2018,68.13,71.33,71.95,69.98
28/11/2018,68.49,71.71,72.34,70.34
27/11/2018,68.89,72.13,72.77,70.74
26/11/2018,69.29,72.56,73.2,71.14
25/11/2018,69.7,72.99,73.63,71.55
24/11/2018,70.16,73.48,74.13,72.01
23/11/2018,70.56,73.91,74.55,72.41
22/11/2018,70.97,74.34,74.99,72.83
21/11/2018,71.27,74.66,75.31,73.13
20/11/2018,71.27,74.66,75.31,73.13
19/11/2018,71.39,74.79,75.44,73.25
18/11/2018,71.56,74.97,75.63,73.42
17/11/2018,71.74,75.16,75.82,73.6
16/11/2018,71.93,75.36,76.02,73.79
15/11/2018,72.09,75.53,76.19,73.95
14/11/2018,72.19,75.64,76.3,74.05
13/11/2018,72.19,75.64,76.3,74.05
12/11/2018,72.31,75.76,76.43,74.17
11/11/2018,72.46,75.92,76.59,74.32
10/11/2018,72.58,76.05,76.72,74.44
09/11/2018,72.74,76.22,76.89,74.6
08/11/2018,72.89,76.38,77.05,74.75
07/11/2018,73.07,76.57,77.24,74.93
06/11/2018,73.07,76.57,77.24,74.93
05/11/2018,73.16,76.67,77.34,75.02
04/11/2018,73.36,76.88,77.55,75.22
03/11/2018,73.53,77.06,77.73,75.39
02/11/2018,73.64,77.18,77.85,75.5
01/11/2018,73.78,77.32,78,75.63
31/10/2018,73.78,77.32,78,75.63
30/10/2018,73.78,77.32,78,75.63
29/10/2018,73.85,77.4,78.08,75.7
28/10/2018,74.05,77.61,78.29,75.9
27/10/2018,74.38,77.96,78.64,76.23
26/10/2018,74.73,78.33,79.02,76.58
25/10/2018,74.8,78.41,79.09,76.65
24/10/2018,74.85,78.46,79.15,76.7
23/10/2018,74.85,78.46,79.15,76.7
22/10/2018,74.92,78.54,79.22,76.77
21/10/2018,75.19,78.82,79.51,77.04
20/10/2018,75.36,79,79.69,77.21
19/10/2018,75.48,79.13,79.82,77.33
18/10/2018,75.58,79.24,79.93,77.43
17/10/2018,75.69,79.35,80.04,77.54
16/10/2018,75.69,79.35,80.04,77.54
15/10/2018,75.46,79.11,79.8,77.31
14/10/2018,75.38,79.02,79.71,77.23
13/10/2018,75.19,78.82,79.51,77.04
12/10/2018,74.9,78.51,79.2,76.75
11/10/2018,74.62,78.22,78.9,76.47
10/10/2018,74.35,77.93,78.61,76.2
09/10/2018,74.11,77.68,78.35,75.96
08/10/2018,73.82,77.37,78.04,75.67
07/10/2018,73.53,77.06,77.73,75.38
06/10/2018,73.24,76.75,77.42,75.09
05/10/2018,72.95,77.45,77.11,74.8
04/10/2018,75.45,80.1,79.79,77.3
03/10/2018,75.25,79.89,79.57,77.1
02/10/2018,75.25,79.89,79.57,77.1
01/10/2018,75.09,79.72,79.4,76.94
30/09/2018,74.79,79.4,79.08,76.64
29/09/2018,74.63,79.23,78.91,76.48
28/09/2018,74.42,79.01,78.69,76.27
27/09/2018,74.24,78.82,78.49,76.09
26/09/2018,74.12,78.69,78.36,75.97
25/09/2018,74.12,78.69,78.36,75.97
24/09/2018,74.02,78.58,78.26,75.87
23/09/2018,73.97,78.53,78.2,75.82
22/09/2018,73.87,78.42,78.1,75.72
21/09/2018,73.87,78.42,78.1,75.72
20/09/2018,73.87,78.42,78.1,75.72
19/09/2018,73.87,78.42,78.1,75.72
18/09/2018,73.87,78.42,78.1,75.72
17/09/2018,73.78,78.33,78,75.63
16/09/2018,73.72,78.26,77.94,75.57
15/09/2018,73.54,78.07,77.74,75.39
14/09/2018,73.3,77.82,77.49,75.15
13/09/2018,73.08,77.58,77.25,74.93
12/09/2018,72.97,77.47,77.13,74.82
11/09/2018,72.97,77.47,77.13,75.82
10/09/2018,72.83,77.32,76.98,75.68
09/09/2018,72.61,77.09,76.75,75.46
08/09/2018,72.51,76.98,76.64,75.36
07/09/2018,72.07,76.51,76.17,74.92
06/09/2018,71.55,75.96,75.61,74.4
05/09/2018,71.34,75.74,75.39,74.19
04/09/2018,71.34,75.74,75.39,74.19
03/09/2018,71.15,75.54,75.19,74
02/09/2018,70.76,75.12,74.77,73.61
01/09/2018,70.42,74.76,74.41,73.27
31/08/2018,70.21,74.54,74.18,73.06
30/08/2018,69.93,74.24,73.88,72.78
29/08/2018,69.75,74.05,73.69,72.6
28/08/2018,69.61,73.9,73.54,72.46
27/08/2018,69.46,73.74,73.38,72.31
26/08/2018,69.32,73.59,73.23,72.16
25/08/2018,69.18,73.44,73.08,72.02
24/08/2018,69.18,73.44,73.08,72.02
23/08/2018,69.1,73.36,72.99,71.94
22/08/2018,69.1,73.36,72.99,71.94
21/08/2018,69.1,73.36,72.99,71.94
20/08/2018,69.04,73.3,72.93,71.88
19/08/2018,68.92,73.17,72.8,71.76
18/08/2018,68.86,73.1,72.74,71.7
17/08/2018,68.86,73.1,72.74,71.7
16/08/2018,68.78,73.02,72.65,71.62
15/08/2018,68.72,72.96,72.59,71.56
14/08/2018,68.72,72.96,72.59,71.56
13/08/2018,68.72,72.96,72.59,71.56
12/08/2018,68.77,73.01,72.64,71.61
11/08/2018,68.71,72.94,72.57,71.55
10/08/2018,68.57,72.8,72.43,71.41
09/08/2018,68.5,72.72,72.35,71.31
08/08/2018,68.5,72.72,72.35,71.31
07/08/2018,68.5,72.72,72.35,71.31
06/08/2018,68.44,72.66,72.29,71.22
05/08/2018,68.32,72.53,72.16,71.1
04/08/2018,68.2,72.4,72.03,70.98
03/08/2018,68.02,72.21,71.84,70.8
02/08/2018,67.93,72.12,71.74,70.69
01/08/2018,67.82,72,71.62,70.58
31/07/2018,67.82,72,71.62,70.58
30/07/2018,67.75,71.93,71.55,70.51
29/07/2018,67.62,71.79,71.41,70.37
28/07/2018,67.62,71.79,71.41,70.37
27/07/2018,67.72,71.89,71.52,70.43
26/07/2018,67.79,71.97,71.59,70.48
25/07/2018,67.79,71.97,71.59,70.48
24/07/2018,67.79,71.97,71.59,70.48
23/07/2018,67.89,72.07,71.7,70.56
22/07/2018,67.98,72.17,71.79,70.63
21/07/2018,68.08,72.28,71.9,70.71
20/07/2018,68.23,72.44,72.06,70.84
19/07/2018,68.35,72.56,72.19,70.94
18/07/2018,68.47,72.65,72.28,71.03
17/07/2018,68.47,72.65,72.28,71.03
16/07/2018,68.47,72.65,72.28,71.03
15/07/2018,68.61,72.8,72.43,71.16
14/07/2018,68.61,72.8,72.43,71.16
13/07/2018,68.43,72.61,72.24,70.98
12/07/2018,68.3,72.47,72.1,70.85
11/07/2018,68.23,72.4,72.03,70.78
10/07/2018,68.23,72.4,72.03,70.78
09/07/2018,68.07,72.23,71.85,70.62
08/07/2018,67.86,72,71.63,70.41
07/07/2018,67.76,71.9,71.52,70.31
06/07/2018,67.66,71.79,71.42,70.21
05/07/2018,67.5,71.62,71.24,70.05
04/07/2018,67.38,71.49,71.12,69.93
03/07/2018,67.38,71.49,71.12,69.93
02/07/2018,67.38,71.49,71.12,69.93
01/07/2018,67.38,71.49,71.12,69.93
30/06/2018,67.38,71.49,71.12,69.93
29/06/2018,67.38,71.49,71.12,69.93
28/06/2018,67.38,71.52,71.12,69.93
27/06/2018,67.38,71.52,71.12,69.93
26/06/2018,67.38,71.52,71.12,69.93
25/06/2018,67.48,71.66,71.22,70.03
24/06/2018,67.54,71.76,71.29,70.09
23/06/2018,67.61,71.87,71.36,70.16
22/06/2018,67.68,71.99,71.44,70.23
21/06/2018,67.68,71.99,71.44,70.23
20/06/2018,67.78,72.13,71.54,70.33
19/06/2018,67.78,72.13,71.54,70.33
18/06/2018,67.78,72.13,71.54,70.33
17/06/2018,67.78,72.13,71.54,70.33
16/06/2018,67.85,72.24,71.62,70.4
15/06/2018,67.85,72.24,71.62,70.4
14/06/2018,67.85,72.24,71.62,70.4
13/06/2018,67.85,72.24,71.62,70.4
12/06/2018,67.85,72.24,71.62,70.4
11/06/2018,67.95,72.35,71.73,70.5
10/06/2018,68.1,72.51,71.89,70.65
09/06/2018,68.28,72.7,72.08,70.83
08/06/2018,68.58,73.02,72.4,71.13
07/06/2018,68.73,73.17,72.56,71.28
06/06/2018,68.8,73.25,72.64,71.35
05/06/2018,68.88,73.33,72.72,71.43
04/06/2018,68.97,73.43,72.82,71.52
03/06/2018,69.11,73.58,72.97,71.66
02/06/2018,69.11,73.58,72.97,71.66
01/06/2018,69.2,73.67,73.06,71.75
31/05/2018,69.25,73.73,73.12,71.8
30/05/2018,69.3,73.78,73.17,71.85
29/05/2018,69.31,73.79,73.18,71.86
28/05/2018,69.17,73.64,73.03,71.72
27/05/2018,69.06,73.53,72.91,71.61
26/05/2018,68.9,73.36,72.74,71.45
25/05/2018,68.75,73.2,72.58,71.3
24/05/2018,68.53,72.96,72.35,71.08
23/05/2018,68.34,72.76,72.14,70.89
22/05/2018,68.08,72.48,71.87,70.63
21/05/2018,67.82,72.21,71.59,70.37
20/05/2018,67.57,71.94,71.32,70.12
19/05/2018,67.31,71.67,71.04,69.86
18/05/2018,67.08,71.42,70.8,69.63
17/05/2018,66.79,71.12,70.49,69.33
16/05/2018,66.57,70.88,70.25,69.11
15/05/2018,66.36,70.66,70.02,68.9
14/05/2018,66.14,70.43,69.79,68.68
13/05/2018,65.93,70.2,69.56,68.63
12/05/2018,65.93,70.2,69.56,68.63
11/05/2018,65.93,70.2,69.56,68.63
10/05/2018,65.93,70.2,69.56,68.63
09/05/2018,65.93,70.2,69.56,68.63
08/05/2018,65.93,70.2,69.56,68.63
07/05/2018,65.93,70.2,69.56,68.63
06/05/2018,65.93,70.2,69.56,68.63
05/05/2018,65.93,70.2,69.56,68.63
04/05/2018,65.93,70.2,69.56,68.63
03/05/2018,65.93,70.2,69.56,68.63
02/05/2018,65.93,70.2,69.56,68.63
01/05/2018,65.93,70.2,69.56,68.63
30/04/2018,65.93,70.2,69.56,68.63
29/04/2018,65.93,70.2,69.56,68.63
28/04/2018,65.93,70.2,69.56,68.63
27/04/2018,65.93,70.2,69.56,68.63
26/04/2018,65.93,70.2,69.56,68.63
25/04/2018,65.93,70.2,69.56,68.63
24/04/2018,65.93,70.2,69.56,68.63
23/04/2018,65.75,70.01,69.37,68.45
22/04/2018,65.65,69.91,69.27,68.35
21/04/2018,65.46,69.7,69.06,68.16
20/04/2018,65.31,69.54,68.9,68.01
19/04/2018,65.27,69.5,68.86,67.97
18/04/2018,65.18,69.41,68.76,67.88
17/04/2018,65.18,69.41,68.76,67.88
16/04/2018,65.18,69.41,68.76,67.88
15/04/2018,65.09,69.31,68.67,67.78
14/04/2018,65.01,69.23,68.58,67.7
13/04/2018,64.96,69.17,68.53,67.65
12/04/2018,64.93,69.14,68.49,67.62
11/04/2018,64.96,69.17,68.53,67.65
10/04/2018,64.96,69.17,68.53,67.65
09/04/2018,64.93,69.14,68.49,67.62
08/04/2018,64.96,69.17,68.53,67.65
07/04/2018,64.92,69.13,68.48,67.61
06/04/2018,64.88,69.09,68.44,67.57
05/04/2018,64.85,69.06,68.41,67.54
04/04/2018,64.82,69.02,68.38,67.51
03/04/2018,64.82,69.02,68.38,67.51
02/04/2018,64.69,68.89,68.24,67.38
01/04/2018,64.58,68.77,68.12,67.27
31/03/2018,64.4,68.58,67.93,67.09
30/03/2018,64.14,68.3,67.65,66.83
29/03/2018,63.92,68.07,67.41,66.61
28/03/2018,63.77,67.91,67.25,66.46
27/03/2018,63.77,67.91,67.25,66.46
26/03/2018,63.66,67.79,67.14,66.35
25/03/2018,63.43,67.55,66.89,66.12
24/03/2018,63.2,67.3,66.64,65.89
23/03/2018,63.01,67.1,66.44,65.7
22/03/2018,62.88,66.96,66.3,65.57
21/03/2018,62.8,66.88,66.21,65.49
20/03/2018,62.8,66.88,66.21,65.49
19/03/2018,62.73,66.81,66.14,65.42
18/03/2018,62.71,66.78,66.12,65.4
17/03/2018,62.74,66.82,66.15,65.43
16/03/2018,62.81,66.89,66.23,65.5
15/03/2018,62.87,66.95,66.29,65.56
14/03/2018,62.85,66.93,66.27,65.54
13/03/2018,62.85,66.93,66.27,65.54
12/03/2018,62.87,66.95,66.29,65.56
11/03/2018,62.89,66.97,66.31,65.58
10/03/2018,62.88,66.96,66.3,65.57
09/03/2018,62.88,66.96,66.3,65.57
08/03/2018,62.91,67,66.33,65.6
07/03/2018,62.96,67.05,66.39,65.65
06/03/2018,62.96,67.05,66.39,65.65
05/03/2018,62.89,66.97,66.31,65.58
04/03/2018,62.88,66.96,66.3,65.57
03/03/2018,62.69,66.76,66.1,65.38
02/03/2018,62.48,66.54,65.87,65.17
01/03/2018,62.25,66.3,65.63,64.94
28/02/2018,62.15,66.19,65.52,64.84
27/02/2018,62.15,66.19,65.52,64.84
26/02/2018,62.17,66.21,65.54,64.86
25/02/2018,62.12,66.16,65.49,64.81
24/02/2018,62.14,66.18,65.51,64.83
23/02/2018,62.21,66.25,65.58,64.9
22/02/2018,62.29,66.34,65.67,64.98
21/02/2018,62.3,66.35,65.68,64.96
20/02/2018,62.29,66.34,65.67,64.95
19/02/2018,62.44,66.5,65.83,65.1
18/02/2018,62.56,66.62,65.96,65.22
17/02/2018,62.76,66.84,66.17,65.42
16/02/2018,63.02,67.11,66.45,65.68
15/02/2018,63.32,67.43,66.77,65.98
14/02/2018,63.5,67.62,66.96,66.17
13/02/2018,63.5,67.62,66.96,66.17
12/02/2018,63.62,67.75,67.09,66.29
11/02/2018,63.9,68.05,67.39,66.57
10/02/2018,64.05,68.21,67.55,66.72
09/02/2018,64.11,68.27,67.62,66.78
08/02/2018,64.15,68.31,67.66,66.82
07/02/2018,64.22,68.39,67.73,66.89
06/02/2018,64.22,68.39,67.73,66.89
05/02/2018,64.14,68.3,67.65,66.81
04/02/2018,64.07,68.23,67.57,66.74
03/02/2018,64.07,68.23,67.57,66.74
02/02/2018,64.11,68.27,67.62,66.78
01/02/2018,64.11,68.27,67.62,66.78
31/01/2018,64,68.15,67.5,66.67
30/01/2018,64,68.15,67.5,66.67
29/01/2018,63.93,68.08,67.42,66.6
28/01/2018,63.85,67.99,67.34,66.52
27/01/2018,63.75,67.89,67.23,66.42
26/01/2018,63.65,67.78,67.12,66.32
25/01/2018,63.53,67.65,67,66.2
24/01/2018,63.38,67.5,66.84,66.04
23/01/2018,63.2,67.3,66.64,65.86
22/01/2018,63.01,67.1,66.44,65.67
21/01/2018,62.83,66.91,66.25,65.49
20/01/2018,62.63,66.7,66.03,65.29
19/01/2018,62.44,66.5,65.83,65.1
18/01/2018,62.25,66.3,65.63,64.91
17/01/2018,62.06,66.09,65.42,64.72
16/01/2018,61.88,65.9,65.23,64.54
15/01/2018,61.74,65.74,65.08,64.4
14/01/2018,61.56,65.53,64.89,64.22
13/01/2018,61.38,65.32,64.7,64.04
12/01/2018,61.18,65.1,64.48,63.84
11/01/2018,60.99,64.88,64.28,63.65
10/01/2018,60.81,64.67,64.09,63.47
09/01/2018,60.66,64.48,63.92,63.32
08/01/2018,60.49,64.28,63.74,63.15
07/01/2018,60.31,64.08,63.55,62.97
06/01/2018,60.12,63.87,63.35,62.78
05/01/2018,59.94,63.67,63.15,62.6
04/01/2018,59.89,63.59,63.1,62.55
03/01/2018,59.82,63.51,63.03,62.48
02/01/2018,59.76,63.43,62.96,62.42
01/01/2018,59.7,63.35,62.9,62.36
31/12/2017,59.64,63.27,62.83,62.3
30/12/2017,59.59,63.19,62.78,62.25
29/12/2017,59.56,63.1,62.75,62.22
28/12/2017,59.47,62.97,62.65,62.13
27/12/2017,59.38,62.85,62.55,62.04
26/12/2017,59.31,62.75,62.48,61.97
25/12/2017,59.2,62.62,62.36,61.86
24/12/2017,59.11,62.51,62.27,61.77
23/12/2017,59.02,62.39,62.17,61.68
22/12/2017,58.91,62.28,62.05,61.57
21/12/2017,58.85,62.16,61.99,61.51
20/12/2017,58.75,62.03,61.88,61.41
19/12/2017,58.65,61.87,61.77,61.31
18/12/2017,58.55,61.75,61.67,61.21
17/12/2017,58.48,61.67,61.59,61.14
16/12/2017,58.44,61.55,61.55,61.1
15/12/2017,58.38,61.43,61.48,61.04
14/12/2017,58.33,61.31,61.43,60.99
13/12/2017,58.32,61.28,61.42,60.98
12/12/2017,58.34,61.26,61.44,61
11/12/2017,58.37,61.24,61.47,61.03
10/12/2017,58.37,61.21,61.47,61.03
09/12/2017,58.41,61.21,61.52,61.07
08/12/2017,58.44,61.22,61.55,61.1
07/12/2017,58.45,61.2,61.56,61.11
06/12/2017,58.45,61.2,61.56,61.11
05/12/2017,58.43,61.17,61.54,61.09
04/12/2017,58.44,61.15,61.55,61.1
03/12/2017,58.42,61.12,61.53,61.08
02/12/2017,58.42,61.1,61.53,61.08
01/12/2017,58.4,61.07,61.51,61.06
30/11/2017,58.39,61.05,61.5,61.05
29/11/2017,58.37,61.03,61.47,61.03
28/11/2017,58.37,61.03,61.47,61.03
27/11/2017,58.34,60.99,61.44,61
26/11/2017,58.34,60.97,61.44,61
25/11/2017,58.33,60.96,61.43,60.99
24/11/2017,58.33,60.96,61.43,60.99
23/11/2017,58.3,60.93,61.4,60.96
22/11/2017,58.3,60.93,61.4,60.96
21/11/2017,58.33,60.96,61.43,60.99
20/11/2017,58.33,60.96,61.43,60.99
19/11/2017,58.31,60.94,61.41,60.97
18/11/2017,58.33,60.96,61.43,60.99
17/11/2017,58.31,60.94,61.41,60.97
16/11/2017,58.31,60.94,61.41,60.97
15/11/2017,58.32,60.95,61.42,60.98
14/11/2017,58.34,60.97,61.44,61
13/11/2017,58.31,60.94,61.41,60.97
12/11/2017,58.31,60.94,61.41,60.97
11/11/2017,58.31,60.94,61.41,60.97
10/11/2017,58.31,60.94,61.41,60.97
09/11/2017,58.31,60.94,61.41,60.97
08/11/2017,58.26,60.89,61.36,60.92
07/11/2017,58.26,60.89,61.36,60.92
06/11/2017,58.16,60.78,61.25,60.82
05/11/2017,58.08,60.69,61.16,60.74
04/11/2017,58.03,60.64,61.11,60.69
03/11/2017,57.93,60.54,61,60.59
02/11/2017,57.83,60.43,60.9,60.49
01/11/2017,57.73,60.32,60.79,60.39
31/10/2017,57.7,60.29,60.76,60.36
30/10/2017,57.64,60.23,60.69,60.3
29/10/2017,57.51,60.09,60.55,60.17
28/10/2017,57.43,60,60.47,60.09
27/10/2017,57.28,59.85,60.31,59.94
26/10/2017,57.21,59.77,60.23,59.87
25/10/2017,57.15,59.71,60.17,59.81
24/10/2017,57.12,59.68,60.14,59.78
23/10/2017,57.12,59.68,60.14,59.78
22/10/2017,57.1,59.65,60.11,59.76
21/10/2017,57.01,59.56,60.02,59.67
20/10/2017,56.98,59.53,59.99,59.64
19/10/2017,56.95,59.5,59.95,59.61
18/10/2017,56.87,59.41,59.87,59.53
17/10/2017,56.87,59.41,59.87,59.53
16/10/2017,56.91,59.45,59.91,59.57
15/10/2017,56.94,59.48,59.94,59.6
14/10/2017,56.98,59.53,59.99,59.64
13/10/2017,57.01,59.56,60.02,59.67
12/10/2017,57.01,59.56,60.02,59.67
11/10/2017,57.03,59.58,60.04,59.69
10/10/2017,57,60.55,60.01,59.66
09/10/2017,57,60.55,60.01,59.66
08/10/2017,56.96,60.51,59.96,59.62
07/10/2017,56.94,60.49,59.94,59.6
06/10/2017,56.95,60.5,59.95,59.61
05/10/2017,56.9,60.44,59.9,59.56
04/10/2017,56.89,60.43,59.89,59.55
03/10/2017,59.14,62.82,62.3,61.8
02/10/2017,59.07,62.75,62.22,61.73
01/10/2017,58.92,62.59,62.06,61.58
30/09/2017,58.86,62.53,62,61.52
29/09/2017,58.78,62.44,61.91,61.44
28/09/2017,58.7,62.36,61.83,61.36
27/09/2017,58.68,62.33,61.81,61.34
26/09/2017,58.68,62.33,61.81,61.34
25/09/2017,58.72,62.38,61.85,61.38
24/09/2017,58.72,62.38,61.85,61.38
23/09/2017,58.69,62.35,61.82,61.35
22/09/2017,58.69,62.35,61.82,61.35
21/09/2017,58.69,62.35,61.82,61.35
20/09/2017,58.79,62.45,61.92,61.45
19/09/2017,58.85,62.51,61.99,61.51
18/09/2017,58.91,62.58,62.05,61.57
17/09/2017,58.88,62.55,62.02,61.54
16/09/2017,58.84,62.5,61.98,61.5
15/09/2017,58.8,62.46,61.93,61.46
14/09/2017,58.74,62.4,61.87,61.4
13/09/2017,58.72,62.37,61.84,61.37
12/09/2017,58.72,62.37,61.84,61.37
11/09/2017,58.62,62.26,61.73,61.27
10/09/2017,58.37,62,61.46,61.02
09/09/2017,58.06,61.67,61.13,60.71
08/09/2017,57.78,61.38,60.84,60.44
07/09/2017,57.59,61.18,60.64,60.25
06/09/2017,57.46,61.03,60.49,60.11
05/09/2017,57.46,61.03,60.49,60.11
04/09/2017,57.38,60.95,60.41,60.03
03/09/2017,57.28,60.84,60.3,59.93
02/09/2017,57.21,60.77,60.23,59.87
01/09/2017,57.13,60.68,60.14,59.78
31/08/2017,57.05,60.6,60.06,59.71
30/08/2017,57.01,60.56,60.02,59.66
29/08/2017,57.02,60.56,60.02,59.67
28/08/2017,57.03,60.57,60.03,59.68
27/08/2017,57.03,60.58,60.04,59.69
26/08/2017,56.97,60.51,59.97,59.62
25/08/2017,57.02,60.57,60.02,59.67
24/08/2017,57.06,60.61,60.06,59.71
23/08/2017,57.05,60.6,60.05,59.7
22/08/2017,57.05,60.6,60.06,59.7
21/08/2017,57.01,60.55,60.01,59.66
20/08/2017,57.07,60.62,60.08,59.72
19/08/2017,57.19,60.74,60.2,59.84
18/08/2017,57.28,60.85,60.3,59.93
17/08/2017,57.39,60.96,60.42,60.04
16/08/2017,57.36,60.92,60.38,60.01
15/08/2017,57.3,60.86,60.32,59.95
14/08/2017,57.25,60.81,60.27,59.9
13/08/2017,57.24,60.8,60.26,59.9
12/08/2017,57.15,60.7,60.16,59.8
11/08/2017,56.98,60.52,59.98,59.63
10/08/2017,56.81,60.35,59.8,59.46
09/08/2017,56.78,60.32,59.77,59.44
08/08/2017,56.72,60.25,59.71,59.38
07/08/2017,56.61,60.13,59.59,59.26
06/08/2017,56.54,60.06,59.51,59.19
05/08/2017,56.33,59.83,59.28,58.98
04/08/2017,56.1,59.59,59.04,58.75
03/08/2017,55.85,59.32,58.77,58.5
02/08/2017,55.64,59.1,58.55,58.29
01/08/2017,55.58,59.04,58.49,58.23
31/07/2017,55.5,59.08,58.53,58.25
30/07/2017,55.31,58.87,58.32,58.05
29/07/2017,55.19,58.75,58.2,57.94
28/07/2017,55.03,58.58,58.02,57.77
27/07/2017,54.94,58.49,57.93,57.69
26/07/2017,54.95,58.49,57.94,57.69
25/07/2017,54.95,58.5,57.94,57.7
24/07/2017,54.94,58.48,57.93,57.68
23/07/2017,54.93,58.48,57.92,57.68
22/07/2017,54.95,58.49,57.94,57.69
21/07/2017,55.02,58.57,58.02,57.77
20/07/2017,55.05,58.6,58.05,57.8
19/07/2017,55.04,58.59,58.04,57.78
18/07/2017,55.04,58.59,58.04,57.79
17/07/2017,54.99,58.54,57.98,57.74
16/07/2017,54.93,58.47,57.92,57.67
15/07/2017,54.85,58.39,57.83,57.59
14/07/2017,54.66,58.19,57.63,57.41
13/07/2017,54.7,58.22,57.67,57.44
12/07/2017,54.74,58.27,57.72,57.49
11/07/2017,54.74,58.27,57.72,57.49
10/07/2017,54.55,59.93,57.44,56.85
09/07/2017,54.32,59.69,57.19,56.61
08/07/2017,54.06,59.41,56.91,56.35
07/07/2017,53.82,59.15,56.65,56.11
06/07/2017,53.61,58.93,56.43,55.9
05/07/2017,53.44,58.76,56.25,55.74
04/07/2017,53.44,58.76,56.25,55.74
03/07/2017,53.47,58.79,56.29,55.77
02/07/2017,53.36,58.67,56.17,55.66
01/07/2017,53.33,58.63,56.13,55.62
30/06/2017,53.46,58.8,56.3,55.61
29/06/2017,53.53,58.88,56.38,55.68
28/06/2017,53.53,58.88,56.38,55.68
27/06/2017,53.53,58.89,56.38,55.69
26/06/2017,53.53,58.88,56.38,55.69
25/06/2017,53.61,58.97,56.47,55.77
24/06/2017,53.76,59.13,56.63,55.92
23/06/2017,53.85,59.23,56.73,56.01
22/06/2017,53.94,59.32,56.82,56.09
21/06/2017,53.96,59.34,56.84,56.12
20/06/2017,53.96,59.34,56.85,56.12
19/06/2017,54.01,59.39,56.89,56.16
18/06/2017,54.14,59.53,57.03,56.29
17/06/2017,54.32,59.73,57.23,56.48
16/06/2017,54.49,59.9,57.41,56.65
19013,86.67,94.14,91.43,89.79
19013,86.67,94.14,91.43,89.79
19016,86.67,94.14,91.43,89.79
